"vctrl [v]","meas [v]"
0,0.57844
0.1,0.656987
0.2,0.728969
0.3,0.793668
0.4,0.850437
0.5,0.898708
0.6,0.938
0.7,0.96792
0.8,0.988168
0.9,0.998543
1,0.998941
1.1,0.989358
1.2,0.96989
1.3,0.940731
1.4,0.902172
1.5,0.854599
1.6,0.798487
1.7,0.734397
1.8,0.662969
1.9,0.584917
2,0.501021
2.1,0.412118
2.2,0.319098
